ADEP-103-2025-11626,Proje,,,Yayın*,,,,,*Sadece ODTÜ adresli yapılmış yayınlar.
,"Tipi (TÜBİTAK, BAP vs.)",İsmi,Tarihler,İsmi,Yıl,Yazarlar,Dergi,"Kategori (Q1, Q2 vs.)",doi
Doç. Dr. Simge Çınar Aygün,TÜBİTAK 1005 - Ulusal yeni fikirler ve ürünler araştırma destek programı,Eklemeli imalatla üretilen seramiklerin yüzey özelliklerinin ikincil işlemlerle iyileştirilmesi,10/2024-01/2026,Development of High-Performance Ablative Composites: Synergistic Effects of Alumina Particles and Silica Fabric in the Polybenzoxazine Matrix,2025,"İ. Egemen Küçük, Ayşegül Hisar Telli, Simge Çınar Aygün",Polymer Composites,Q1,https://doi.org/10.1002/pc.30093
,TÜBİTAK 1001 – BİLİMSEL VE TEKNOLOJİK ARAŞTIRMA PROJELERİNİ DESTEKLEME PROGRAMI,Süspansiyon elektrotlarda elektroaktif parçacıkların fiziksel ve kolloidal özelliklerinin reolojik  ve elektrokimyasal davranışa etkisinin incelenmesi,10/2022-10/2025,Waterbased electrically conductive adhesive for PERC-type shingled solar cells,2025,"Hüseyin Utkucan Kayacı, Gurcan Utku Ozdemir, Meryem Ezgi Karahalli, Ahmet Hamdi Aksoy, Serdar Guler, Doga Doganay, Sahin Coskun, Talat Ozden, Simge Çınar Aygün, Rasit Turan, Husnu Emrah Unalan",Solar Energy Materials and Solar Cells,Q1,https://doi.org/10.1016/j.solmat.2025.113525
,BAP ADEP - Araştırma Üniversiteleri Destek Programı,Yenilikçi fototermal malzemeler ile solar su buharlaştırma sistemlerinin geliştirilmesi,05/2023-05/2025,"Bismuth-Tin Core–Shell Particles From Liquid Metals: A Novel, Highly Efficient Photothermal Material that Combines Broadband Light Absorption with Effective Light-to-Heat Conversion",2024,"Dogu Seyda, Orcun Dincer, Duygu İnce, Murathan Cugunlular, Husnu Emrah Unalan, Simge Çınar Aygün",Advanced Science,Q1,https://doi.org/10.1002/advs.202407771
,BAP GAP - Genel Araştırma Projesi,Bizmut Kalay Parçacıkların Organik Boyaların Fotokatalitik Bozunmasında Kullanımı,2022-12/2023,Size and morphology controlled polyol synthesis of LiFePO4 nanoparticles with addition of organic acid combinations,2024,"Elif Coşkun, Ekin Kurşun, Bayram Yıldız, Yasemin Aşkar, Doruk Bahtiyar, Mehmet Kadri Aydınol, Bora Mavis, Simge Çınar-Aygün",Ceramics International,Q1,https://doi.org/10.1016/j.ceramint.2024.02.072
,TÜBİTAK 1001 – BİLİMSEL VE TEKNOLOJİK ARAŞTIRMA PROJELERİNİ DESTEKLEME PROGRAMI,Bizmut bazlı Metalik Janus Parçacıklarının Ölçeklendirilebilir Üretimi,11/2019-08/2022,"Lightweight, flexible, and antimicrobial X-ray shielding composites with liquid metal-derived bismuth-tin core-shell particles",2024,"Orcun Dincer, Dogu Seyda, Gulcin Akca, Burak Cengiz, Mustafa Caner Gorur, Doga Doganay, Husnu Emrah Unalan, Simge Çınar-Aygün",Applied Materials Today,Q1,https://doi.org/10.1016/j.apmt.2024.102254
,,,,An Edible Supercapacitor Based on Zwitterionic Soy Sauce‐Based Gel Electrolyte,2024,"Mete Batuhan Durukan, Deniz Keskin, Yiğithan Tufan, Orcun Dincer, Melih Ogeday Cicek, Bayram Yildiz, Simge Çınar Aygün, Batur Ercan, Husnu Emrah Unalan",Advanced Functional Materials,Q1,https://doi.org/10.1002/adfm.202307051
,,,,Solidification-Controlled Compartmentalization of Bismuth-Tin Colloidal Particles,2023,"Mert Ulusel, Orcun Dincer, Ozan Sahin, Simge Çınar-Aygün",ACS Applied Materials & Interfaces,Q1,https://doi.org/10.1021/acsami.3c04345
,,,,Triboelectric nanogenerators for blue energy harvesting in simulated wave conditions,2023,"Onur Demircioglu, Melih Ogeday Cicek, Doga Doganay, Gunay Gazaloglu, Cuneyt Baykal, Simge Cinar, Husnu Emrah Unalan",Nano Energy,Q1,https://doi.org/10.1016/j.nanoen.2022.108157
,,,,Wet spun core-shell fibers for wearable triboelectric nanogenerators,2023,"Doga Doganay, Onur Demircioglu, Murathan Cugunlular, Melih Ogeday Cicek, Onuralp Cakir, Huseyin Utkucan Kayaci, Simge Çınar Aygün, Husnu Emrah Unalan",Nano Energy,Q1,https://doi.org/10.1016/j.nanoen.2023.108823
,,,,Ultra‐Sensitive Bio‐Polymer Iontronic Sensors for Object Recognition from Tactile Feedback,2023,"Melih Ogeday Cicek, Mete Batuhan Durukan, Bayram Yıldız, Deniz Keskin, Doga Doganay, Simge Çınar Aygün, Murat Perit Cakir, Husnu Emrah Unalan",Advanced Materials Technologies,Q1,https://doi.org/10.1002/admt.202300322
,,,,"Multifunctional and physically transient supercapacitors, triboelectric nanogenerators, and capacitive sensors",2022,"Mete Batuhan Durukan, Melih Ogeday Cicek, Doga Doganay, Mustafa Caner Gorur, Simge Çınar, Husnu Emrah Unalan",Advanced Functional Materials,Q1,https://doi.org/10.1002/adfm.202106066
,,,,Colloidal stabilization of submicron-sized zeolite NaA in ethanol–water mixtures for nanostructuring into thin films and nanofibers,2022,"Oguz Gozcu, H Utkucan Kayacı, Yibo Dou, Wenjing Zhang, Niklas Hedin, Alma B Jasso-Salcedo, Andreas Kaiser, Simge Çınar Aygün",Langmuir,Q1,https://doi.org/10.1021/acs.langmuir.2c02241
,,,,Fabrication of Undercooled Bismuth Tin Liquid Metal Particles with High Yield,2021,Simge Çınar,Konya Mühendislik Bilimleri Dergisi,TR Dizin,DOI: 10.36306/konjes.767269 
,,,,"Inter-particle spacing in aqueous suspensions of nanopowders and its effects on particle packing, green body formation and fabrication of alumina",2020,"Hüseyin Utkucan Kayacı, Simge Çınar",Ceramics International,Q1,https://doi.org/10.1016/j.ceramint.2020.05.126
Dr. Yusuf Keleştemur,Tübitak 1001 Araştırma Programı ,Mavi Dalgaboylarında Işıyabilen Çinko Kalkojenit Tabanlı Nanolevhacıkların İleri Kuantum Yapılarının Geliştirilmesi,2021 - 2024,Zinc Chalcogenide Based Shell Layers for Colloidal Quantum Wells,2025,"Cagatay Han Aldemir, Ahmet Faruk Yazici, Nehir Ergezer, Taha Can Korkmaz, Evren Mutlugun, Yusuf Kelestemur",Advanced Materials Interfaces,Q2,https://doi.org/10.1002/admi.202500120
,Tübitak 2247D Araştırma Programı,Melezlenmiş Heteroyapılara Sahip Olan Kolloidal Yarıiletken Nanokristallerin Geliştirilerek Çok Eklemli Güneş Pillerinin Üretilmesi,2022 - 2025,Direct synthesis of zinc-blende ZnSe nanoplatelets,2024,"Muhammed Said Es, Ebrar Colak, Aysenur Irfanoglu, Yusuf Kelestemur",ACS Omega,Q2,https://doi.org/10.1021/acsomega.4c02356
,Tübitak 3501 Araştırma Programı,Nanokristal Tabanlı Işık Yayan Diyotlar için Hibrit Ligandlar ile Kaplı Olan Kolloidal Yarıiletken Nanokristallerin Geliştirilmesi,2023 - 2026,Tattoo‐like multi‐color physically unclonable functions,2024,"N Burak Kiremitler, Abidin Esidir, Gryphon A Drake, Ahmet Faruk Yazici, Furkan Sahin, Ilker Torun, Mustafa Kalay, Yusuf Kelestemur, Hilmi Volkan Demir, Moonsub Shim, Evren Mutlugun, M Serdar Onses",Advanced Optical Materials,Q1,https://doi.org/10.1002/adom.202302464
,Araştırma Üniversiteleri Destek Programı ADEP,Tamamen inorganik malzemeler kullanılarak çözelti tabanlı yöntemlerle kolloidal yarıiletken nanokristal tabanlı ışık yayan diyotların geliştirilmesi,2022 - 2024,Light-Induced Paramagnetism in Colloidal Ag+-Doped CdSe Nanoplatelets,2021,"Arman Najafi, Manoj Sharma, Savas Delikanli, Arinjoy Bhattacharya, Joseph R Murphy, James Pientka, Ashma Sharma, Alexander P Quinn, Onur Erdem, Subash Kattel, Yusuf Kelestemur, Maksym V Kovalenko, William D Rice, Hilmi Volkan Demir, Athos Petrou",The Journal of Physical Chemistry Letters,Q2,https://doi.org/10.1021/acs.jpclett.1c00398
,Tübitak 1001 Araştırma Programı,Ekran Teknolojileri için Çevreci Yaklaşımlarla Ağır Metal İçermeyen Yarıiletken Nanokristallerin Geliştirilmesi,2025 - 2028,Fast neutron imaging with semiconductor nanocrystal scintillators,2020,"Kyle M McCall, Kostiantyn Sakhatskyi, Eberhard Lehmann, Bernhard Walfort, Adrian S Losko, Federico Montanarella, Maryna I Bodnarchuk, Franziska Krieg, Yusuf Kelestemur, David Mannes, Yevhen Shynkarenko, Sergii Yakunin, Maksym V Kovalenko",ACS Nano,Q1,https://doi.org/10.1021/acsnano.0c06381
,,,,,,,,,
,,,,,,,,,
,,,,,,,,,
,,,,,,,,,
,,,,,,,,,
,,,,,,,,,
,,,,,,,,,
Prof. Dr. H. Emrah Ünalan,BAP ADEP - Araştırma Üniversiteleri Destek Programı,TADF Özellikli Özgün Polimerlerin Sentezi ve OLED Cihaz Performansı Üzerine Etkilerinin İncelenmesi,,Two-Dimensional Titanium Disulfide Nanosheets for Enhanced Capacity of Zinc-Ion Capacitors,2025,"Sumeyye Kandur Baglicakoglu, Sena Oz, Ali Deniz Ucar, Yusuf Kocak, Mete Batuhan Durukan, Emrah Ozensoy, Husnu Emrah Unalan",Chemelectrochem,Q1,http://dx.doi.org/10.1002/celc.202400663
,BAP ADEP - Araştırma Üniversiteleri Destek Programı,Yüksek Performans ve Kararlı Perovskit Güneş Hücreleri için İletken Karbon Pasta Geliştirilmesi,,Surface Engineering of MXene and Functional Fullerenols for Cancer Biomarker 'eIF3d',2025,"Dilek Soyler, Volkan Dolgun, Oyku Cetin, Yaqoob Khan, Emine Guler Celik, Salih Ozcubukcu, Husnu Emrah Unalan, Suna Timur, Saniye Soylemez",Langmuir,Q1,http://dx.doi.org/10.1021/acs.langmuir.5c00157
,BAP GAP - Genel Araştırma Projesi,PDMS/BaTiO3 Nanokarbon Triboelektrik Nanojeneratörlerinin Geliştirilmesi,,Triboelectric nanogenerators from fundamentals to applications,2025,"Doga Doganay, Mete Batuhan Durukan, Murathan Cugunlular, Onuralp Cakir, Melih Ogeday Cicek, Onur Demircioglu, Di Wei, Husnu Emrah Unalan",Nano Energy,Q1,http://dx.doi.org/10.1016/j.nanoen.2025.110825
,BAP ADEP - Araştırma Üniversiteleri Destek Programı,Tamamen inorganik malzemeler kullanılarak çözelti tabanlı yöntemlerle kolloidal yarıiletken nanokristal tabanlı ışık yayan diyotların geliştirilmesi,,Enhanced optical limiting performance of transition metal vanadate-filled nanofibers,2025,"Nur Unal, Eda Cevik, Yasemin Pepe, Nurcan Asci, Serife Akkoyun, Yusuf Tutel, Ahmet Karatay, Husnu Emrah Unalan, Ayhan Elmali",Materials Today Communications,Q1,http://dx.doi.org/10.1016/j.mtcomm.2025.112054
,BAP GAP - Genel Araştırma Projesi,LED Ampul Kapları için 3B Yazıcı ile Üretilen Hekzagonal Bor NitrürPolilaktik Asit Nanokompozitleri,,Waterbased electrically conductive adhesive for PERC-type shingled solar cells,2025,"Huseyin Utkucan Kayaci, Gurcan Utku Ozdemir, Meryem Ezgi Karahalli, Ahmet Hamdi Aksoy, Serdar Guler, Doga Doganay, Sahin Coskun, Talat Ozden, Simge Cinar Aygun, Rasit Turan, Husnu Emrah Unalan",Solar Energy Materials And Solar Cells,Q1,http://dx.doi.org/10.1016/j.solmat.2025.113525
,BAP GAP - Genel Araştırma Projesi,GÜMÜŞ NANOTELLERLE (AgNT) SULARDAN E.COLİ GİDERİMİNİN ARAŞTIRILMASI,,"Overcoming instability challenges of binder-free, self-standing 1T-TiS2 electrodes in aqueous symmetric supercapacitors through dopamine functionalization",2025,"Ali Deniz Ucar, Sumeyye Kandur Baglicakoglu, Mete Batuhan Durukan, Murathan Cugunlular, Sena Oz, Yusuf Kocak, Burak Ulgut, Emrah Ozensoy, Husnu Emrah Unalan",Materials Today Energy,Q1,http://dx.doi.org/10.1016/j.mtener.2025.101810
,TÜBİTAK 1001 – BİLİMSEL VE TEKNOLOJİK ARAŞTIRMA PROJELERİNİ DESTEKLEME PROGRAMI,Lityum-Sülfür Bataryalarında Geliştirilmiş Performans için Yarı-Metalik ve 2 Boyutlu 1T-Titanyum Disülfür Yapılarının Katot Malzemesi Olarak Kullanımı,2023 - ,Textile energy storage: Utilizing binary nickel cobalt metal-organic frameworks and polypyrrole-derived nitrogen-enriched carbons,2025,"Farzaneh Hekmat, Husnu Emrah Unalan",Journal Of Energy Storage,Q1,http://dx.doi.org/10.1016/j.est.2025.115325
,TÜBİTAK 1001 – BİLİMSEL VE TEKNOLOJİK ARAŞTIRMA PROJELERİNİ DESTEKLEME PROGRAMI,Nanokompozit Kapasitif Sensörlerle Geliştirilmiş Akıllı Nesne Tanıma Eldiveni,2025 - 2027,ALD grown undoped ZnO and Al-doped-ZnO thin-film heaters,2025,"Deniz Tugrul, Doga Doganay, Husnu Emrah Unalan, Bilge Imer",Vacuum,Q1,http://dx.doi.org/10.1016/j.vacuum.2024.113942
,TÜBİTAK 2247,Giyilebilir Biyosensörlerin Serigrafi Yöntemi ile Geliştirilmesi,2025 - 2028,Manganese-doped iron sulfide nanoplatelets on carbon cloth: A negative electrode material for flexible and wearable supercapacitors,2025,"Almila Nur Gozutok, Mete Batuhan Durukan, Yusuf Kocak, Emrah Ozensoy, Husnu Emrah Unalan, Emren Nalbant",Journal Of Energy Storage,Q1,http://dx.doi.org/10.1016/j.est.2024.115182
,TÜBİTAK 1001 – BİLİMSEL VE TEKNOLOJİK ARAŞTIRMA PROJELERİNİ DESTEKLEME PROGRAMI,Silisyum Heteroeklem Güneş Hücreleri için Çekirdek-Kabuk Yapısındaki Bakır-Gümüş Pastaların Geliştirilmesi,2022 - ,"Bismuth-Tin Core-Shell Particles From Liquid Metals: A Novel, Highly Efficient Photothermal Material that Combines Broadband Light Absorption with Effective Light-to-Heat Conversion",2024,"Dogu Seyda, Orcun Dincer, Duygu Ince, Murathan Cugunlular, Husnu Emrah Unalan, Simge Cinar Aygun",Advanced Science,Q1,http://dx.doi.org/10.1002/advs.202407771
,TÜBİTAK 1001 – BİLİMSEL VE TEKNOLOJİK ARAŞTIRMA PROJELERİNİ DESTEKLEME PROGRAMI,İndirgenmiş Grafen Oksit ve Molibden Disülfür Nanokompozitlerinin Çoklu Yaklaşım ile Üretimi ve Bunlarla Hazırlanan Mikrosüperkapasitörlerin Kapasitif Deiyonizasyon Performanslarının Değerlendirilmesi,2020 - 2023,Effect of morphology on the optical limiting of BiVO4 films,2025,"Sezen Tekin, Yusuf Tutel, Ahmet Karatay, Husnu Emrah Unalan, Ayhan Elmali",Optics And Laser Technology,Q1,http://dx.doi.org/10.1016/j.optlastec.2024.111762
,,,,MXene-Deposited Melamine Foam-Based Iontronic Pressure Sensors for Wearable Electronics and Smart Numpads,2024,"Oyku Cetin, Melih Ogeday Cicek, Murathan Cugunlular, Tufan Bolukbasi, Yaqoob Khan, Husnu Emrah Unalan",Small,Q1,http://dx.doi.org/10.1002/smll.202403202
,,,,Enhanced Nonlinear Optical Limiter in the Visible Spectral Region Based on Fe- and Co-Doped NiO Nanoparticles within PVP Nanofibers,2024,"Yasemin Pepe, Yusuf Tutel, Serife Akkoyun, Nurcan Asci, Eda Cevik, Ahmet Karatay, Husnu Emrah Unalan, Ayhan Elmali",Acs Applied Nano Materials,Q1,http://dx.doi.org/10.1021/acsanm.4c01634
,,,,Post-treatment optimization for silver nanowire networks in transparent droplet-based TENG sensors,2024,"Onuralp Cakir, Doga Doganay, Murathan Cugunlular, Melih Ogeday Cicek, Onur Demircioglu, Sahin Coskun, Husnu Emrah Unalan",Nano Energy,Q1,http://dx.doi.org/10.1016/j.nanoen.2024.109940
,,,,"Lightweight, flexible, and antimicrobial X-ray shielding composites with liquid metal-derived bismuth-tin core-shell particles",2024,"Orcun Dincer, Dogu Seyda, Gulcin Akca, Burak Cengiz, Mustafa Caner Gorur, Doga Doganay, Husnu Emrah Unalan, Simge Cinar-Aygun",Applied Materials Today,Q1,http://dx.doi.org/10.1016/j.apmt.2024.102254
,,,,Tungsten oxide filled nanofibers for optical limiting in near infrared region,2024,"Yasemin Pepe, Serife Akkoyun, Nurcan Asci, Onuralp Cakir, Yusuf Tutel, Husnu Emrah Unalan, Ahmet Karatay, Ayhan Elmali",Optics And Laser Technology,Q1,http://dx.doi.org/10.1016/j.optlastec.2024.110970
,,,,Heat activated VO2(R) cathodes for high-performance aqueous zinc ion batteries,2024,"Busra Aydogdu, Selay Aydin, Suchithra Padmajan Sasikala, Husnu Emrah Unalan, Sang Ouk Kim, Recep Yuksel",Journal Of Energy Storage,Q1,http://dx.doi.org/10.1016/j.est.2024.111264
,,,,"Annealing-free, electron-selective ohmic contacts using zirconium oxide and aluminum for n-type crystalline silicon solar cells",2024,"Loay Akmal Madbouly, Hisham Nasser, Mona Zolfaghari Borra, Emine Hande Ciftpinar, Gokhan Altiner, Atescan Aliefendioglu, Hasan Huseyin Canar, Rasit Turan, Husnu Emrah Unalan",Materials Science In Semiconductor Processing,Q1,http://dx.doi.org/10.1016/j.mssp.2024.108310
,,,,Visible-light optical limiting of vanadia-polyvinylpyrrolidone nanofibers,2024,"Yasemin Pepe, Yusuf Tutel, Serife Akkoyun, Nurcan Asci, Eda Cevik, Ahmet Karatay, Husnu Emrah Unalan, Ayhan Elmali",Journal Of Materials Science,Q1,http://dx.doi.org/10.1007/s10853-024-09502-x
,,,,Cutting-edge advancements in MXene-derived materials: Revolutionary electrocatalysts for hydrogen evolution and high-performance energy storage,2024,"Muhammad Khan, Amjad Hussain, Muhammad Tahir Saleh, Mohammad Ibrahim, Faisal Attique, Xiaohui Sun, Husnu Emrah Unalan, Muhammad Shafi, Yaqoob Khan, Idrees Khan, Ahmed H. Ragab, Abeer A. Hassan, Rawaid Ali, Zafar Ali, Abdul Jabbar Khan, Amir Zada",Coordination Chemistry Reviews,Q1,http://dx.doi.org/10.1016/j.ccr.2024.215722
,,,,"Enhanced nonlinear absorption and photoluminescence properties of Zn, Fe, Cu, V and Ni doped MoO3 transition metal oxide thin films",2024,"Yasemin Pepe, Yusuf Tutel, Ali Deniz Ucar, Eda Cevik, Ahmet Karatay, Husnu Emrah Unalan, Ayhan Elmali",Physica Scripta,Q2,http://dx.doi.org/10.1088/1402-4896/ad1903
,,,,Investigation of the Defect and Intensity-Dependent Optical Limiting Performance of MnO2 Nanoparticle-Filled Polyvinylpyrrolidone Composite Nanofibers,2023,"Yasemin Pepe, Serife Akkoyun, Nurcan Asci, Eda Cevik, Yusuf Tutel, Ahmet Karatay, Husnu Emrah Unalan, Ayhan Elmali",Acs Omega,Q2,http://dx.doi.org/10.1021/acsomega.3c06572
,,,,"All-Solution Processed, Highly Stable MXene/Cu Nanowire Networks for Flexible Transparent Thin-Film Heaters",2023,"Oyku Cetin, Onuralp Cakir, Serkan Koylan, Doga Doganay, Yaqoob Khan, Husnu Emrah Unalan",Acs Applied Nano Materials,Q1,http://dx.doi.org/10.1021/acsanm.3c05027
,,,,An Edible Supercapacitor Based on Zwitterionic Soy Sauce-Based Gel Electrolyte,2024,"Mete Batuhan Durukan, Deniz Keskin, Yigithan Tufan, Orcun Dincer, Melih Ogeday Cicek, Bayram Yildiz, Simge Cinar Ayguen, Batur Ercan, Husnu Emrah Unalan",Advanced Functional Materials,Q1,http://dx.doi.org/10.1002/adfm.202307051
,,,,Promoting the optical limiting behavior in poly(methyl methacrylate)/ α-MnO2 nanocomposite films through modulation of in-gap states by metal doping,2023,"Yasemin Pepe, Eda Cevik, Yusuf Tutel, Ahmet Karatay, Husnu Emrah Unalan, Ayhan Elmali",Materials Chemistry And Physics,Q1,http://dx.doi.org/10.1016/j.matchemphys.2023.128452
,,,,Cobalt-doped MoO3 thin films and dual-band electrochromic devices with excellent cyclic stability,2023,"Yusuf Tutel, Mete Batuhan Durukan, Serife O. Hacioglu, Umran Ceren Baskose, Levent Toppare, Husnu Emrah Unalan",Applied Materials Today,Q1,http://dx.doi.org/10.1016/j.apmt.2023.101924
,,,,A glucose-responsive microgel-based soft etalon as an epidermal glucose colorimetric sensor,2023,"Seunghyeon Nam, Hyojung Kim, Sang-Mok Lee, Mete Batuhan Durukan, Husnu Emrah Unalan, Hyunjoo J. Lee",Sensors And Actuators B-chemical,Q1,http://dx.doi.org/10.1016/j.snb.2023.134554
,,,,Multifunctional Silk Fibroin/Carbon Nanofiber Scaffolds for In Vitro Cardiomyogenic Differentiation of Induced Pluripotent Stem Cells and Energy Harvesting from Simulated Cardiac Motion,2023,"Yigithan Tufan, Hayriye Oztatli, Doga Doganay, Arda Buyuksungur, Melih Ogeday Cicek, Ipek Tugce Dos, Cagla Berberoglu, Husnu Emrah Unalan, Bora Garipcan, Batur Ercan",Acs Applied Materials & Interfaces,Q1,http://dx.doi.org/10.1021/acsami.3c08601
,,,,3D printing of hexagonal boron nitride nanosheets/polylactic acid nanocomposites for thermal management of electronic devices,2023,"Mustafa Caner Gorur, Doga Doganay, Mete Batuhan Durukan, Melih Ogeday Cicek, Yunus Eren Kalay, Cem Kincal, Nuri Solak, Husnu Emrah Unalan",Composites Part B-engineering,Q1,http://dx.doi.org/10.1016/j.compositesb.2023.110955
,,,,Wet spun core-shell fibers for wearable triboelectric nanogenerators,2023,"Doga Doganay, Onur Demircioglu, Murathan Cugunlular, Melih Ogeday Cicek, Onuralp Cakir, Huseyin Utkucan Kayaci, Simge Cinar Aygun, Husnu Emrah Unalan",Nano Energy,Q1,http://dx.doi.org/10.1016/j.nanoen.2023.108823
,,,,Ultra-Sensitive Bio-Polymer Iontronic Sensors for Object Recognition from Tactile Feedback,2023,"Melih Ogeday Cicek, Mete Batuhan Durukan, Bayram Yildiz, Deniz Keskin, Doga Doganay, Simge cinar Aygun, Murat Perit Cakir, Husnu Emrah Unalan",Advanced Materials Technologies,Q1,http://dx.doi.org/10.1002/admt.202300322
,,,,MXene-Decorated Nylon Mesh Filters for Improvement of Indoor Air Quality by PM2.5 Filtration,2023,"Melek Hazal Baskoy, Oyku Cetin, Serkan Koylan, Yaqoob Khan, Gurdal Tuncel, Tuba Hande Erguder, Husnu Emrah Unalan",Acs Omega,Q2,http://dx.doi.org/10.1021/acsomega.3c00452
,,,,Triboelectric nanogenerators for blue energy harvesting in simulated wave conditions,2023,"Onur Demircioglu, Melih Ogeday Cicek, Doga Doganay, Gunay Gazaloglu, Cuneyt Baykal, Simge Cinar, Husnu Emrah Unalan",Nano Energy,Q1,http://dx.doi.org/10.1016/j.nanoen.2022.108157
,,,,Defect assisted enhanced nonlinear optical performance and optical limiting of pure and doped BiVO4 powders and nanocomposite films,2022,"Sezen Tekin, Yusuf Tutel, Ahmet Karatay, Husnu Emrah Unalan, Ayhan Elmali",Journal Of Luminescence,Q1,http://dx.doi.org/10.1016/j.jlumin.2022.119362
,,,,Double-decker lutetium and europium phthalocyanine composites with re duce d graphene oxide as supercapacitor electrode materials,2022,"Ebru Yabas, Emre Bicer, Mete Batuhan Durukan, Deniz Keskin, Husnu Emrah Unalan",Journal Of Organometallic Chemistry,Q2,http://dx.doi.org/10.1016/j.jorganchem.2022.122509
,,,,Direct decoration of carbon nanohorns with binary nickel-cobalt sulfide nanosheets towards non-enzymatic glucose sensing in human fluids,2022,"Matin Ataei Kachouei, Farzaneh Hekmat, Haolan Wang, Gehan A. J. Amaratunga, Husnu Emrah Unalan, Saeed Shahrokhian",Electrochimica Acta,Q1,http://dx.doi.org/10.1016/j.electacta.2022.140952
,,,,Titanium disulfide decorated hollow carbon spheres towards capacitive deionization,2022,"Milad Ezzati, Farzaneh Hekmat, Saeed Shahrokhian, Husnu Emrah Unalan",Desalination,Q1,http://dx.doi.org/10.1016/j.desal.2022.115766
,,,,Silver nanowire loaded poly(ε-caprolactone) nanocomposite fibers as electroactive scaffolds for skeletal muscle regeneration,2022,"Berk Basturkmen, Emre Ergene, Doga Doganay, Pinar Yilgor Huri, Husnu Emrah Unalan, Eda Ayse Aksoy",Biomaterials Advances,Q1,http://dx.doi.org/10.1016/j.msec.2021.112567
,,,,Plasmon-enhanced photoresponse of single silver nanowires and their network devices,2022,"Mohammadali Razeghi, Merve Ustuncelik, Farzan Shabani, Hilmi Volkan Demir, T. Serkan Kasirga",Nanoscale Horizons,Q1,http://dx.doi.org/10.1039/d1nh00629k
,,,,"Scalable, microwave-assisted decoration of commercial cotton fabrics with binary nickel cobalt sulfides towards textile-based energy storage",2022,"Farzaneh Hekmat, Umur Balim, Husnu Emrah Unalan",Electrochimica Acta,Q1,http://dx.doi.org/10.1016/j.electacta.2021.139731
,,,,Nanometer-Thick Mn:NiO and Co:NiO Films for High Performance Nonenzymatic Biosensors,2021,"Yusuf Tutel, Serkan Koylan, Sensu Tunca, Husnu Emrah Unalan",Acs Applied Nano Materials,Q1,http://dx.doi.org/10.1021/acsanm.1c03221
,,,,"Multifunctional and Physically Transient Supercapacitors, Triboelectric Nanogenerators, and Capacitive Sensors",2022,"Mete Batuhan Durukan, Melih Ogeday Cicek, Doga Doganay, Mustafa Caner Gorur, Simge Cinar, Husnu Emrah Unalan",Advanced Functional Materials,Q1,http://dx.doi.org/10.1002/adfm.202106066
,,,,Multichromic Vanadium Pentoxide Thin Films Through Ultrasonic Spray Deposition,2021,"Yusuf Tutel, Mete Batuhan Durukan, Seyma Koc, Serkan Koylan, Huseyin Cakmak, Yusuf Kocak, Farzaneh Hekmat, Emrah Ozensoy, Ekmel Ozbay, Yasemin Arslan Udum, Levent Toppare, Husnu Emrah Unalan",Journal Of The Electrochemical Society,Q1,http://dx.doi.org/10.1149/1945-7111/ac2dcf
,,,,Fabric based wearable triboelectric nanogenerators for human machine interface,2021,"Doga Doganay, Melih Ogeday Cicek, Mete Batuhan Durukan, Burak Altuntas, Erdem Agbahca, Sahin Coskun, Husnu Emrah Unalan",Nano Energy,Q1,http://dx.doi.org/10.1016/j.nanoen.2021.106412
,,,,Highly stable silver-platinum core-shell nanowires for H2O2 detection,2021,"Serkan Koylan, Sensu Tunca, Gokhan Polat, Mete Batuhan Durukan, Dongkwan Kim, Yunus Eren Kalay, Seung Hwan Ko, Husnu Emrah Unalan",Nanoscale,Q1,http://dx.doi.org/10.1039/d1nr01976g
,,,,Microwave-assisted decoration of cotton fabrics with Nickel-Cobalt sulfide as a wearable glucose sensing platform,2021,"Farzaneh Hekmat, Milad Ezzati, Saeed Shahrokhian, Husnu Emrah Unalan",Journal Of Electroanalytical Chemistry,Q1,http://dx.doi.org/10.1016/j.jelechem.2021.115244
,,,,"Seamless Monolithic Design for Foam Based, Flexible, Parallel Plate Capacitive Sensors",2021,"Melih Ogeday Cicek, Doga Doganay, Mete Batuhan Durukan, Mustafa Caner Gorur, Husnu Emrah Unalan",Advanced Materials Technologies,Q1,http://dx.doi.org/10.1002/admt.202001168
,,,,Advances in protective layer-coating on metal nanowires with enhanced stability and their applications,2021,"Junhyuk Bang, Sahin Coskun, Kyung Rok Pyun, Doga Doganay, Sensu Tunca, Serkan Koylan, Dongkwan Kim, Husnu Emrah Unalan, Seung Hwan Ko",Applied Materials Today,Q1,http://dx.doi.org/10.1016/j.apmt.2020.100909
,,,,A Point-of-Use (POU) Water Disinfection: Silver Nanowire Decorated Glass Fiber Filters,2020,"Ecem Bahcelioglu, Doga Doganay, Sahin Coskun, Husnu Emrah Unalan, Tuba Hande Erguder",Journal Of Water Process Engineering,Q1,http://dx.doi.org/10.1016/j.jwpe.2020.101616
,,,,"All-Solution-Processed, Oxidation-Resistant Copper Nanowire Networks for Optoelectronic Applications with Year-Long Stability",2020,"Sevim Polat Genlik, Dogancan Tigan, Yusuf Kocak, Kerem Emre Ercan, Melih Ogeday Cicek, Sensu Tunca, Serkan Koylan, Sahin Coskun, Emrah Ozensoy, Husnu Emrah Unalan",Acs Applied Materials & Interfaces,Q1,http://dx.doi.org/10.1021/acsami.0c11729
,,,,Facile preparation of nanoparticle based SERS substrates for trace molecule detection,2020,"Ozge Demirta, Doga Doganay, Ibrahim Murat Ozturk, Husnu Emrah Unalan, Alpan Bek",Physical Chemistry Chemical Physics,Q1,http://dx.doi.org/10.1039/d0cp01866j
,,,,Wearable supercapacitors based on nickel tungstate decorated commercial cotton fabrics,2020,"Farzaneh Hekmat, Yusuf Tutel, Husnu Emrah Unalan",International Journal Of Energy Research,Q1,http://dx.doi.org/10.1002/er.5493
,,,,Silver-based nanomaterials: A critical review on factors affecting water disinfection performance and silver release,2021,"Ecem Bahcelioglu, Husnu Emrah Unalan, Tuba Hande Erguder",Critical Reviews In Environmental Science And Technology,Q1,http://dx.doi.org/10.1080/10643389.2020.1784666
,,,,Hybrid energy storage device from binder-free zinc-cobalt sulfide decorated biomass-derived carbon microspheres and pyrolyzed polyaniline nanotube-iron oxide,2020,"Farzaneh Hekmat, Hadi Hosseini, Saeed Shahrokhian, Husnu Emrah Unalan",Energy Storage Materials,Q1,http://dx.doi.org/10.1016/j.ensm.2019.09.022
,,,,Biomass-derived wearable energy storage systems based on poplar tree-cotton fibers coupled with binary nickel-cobalt nanostructures,2020,"Farzaneh Hekmat, Husnu Emrah Unalan, Saeed Shahrokhian",Sustainable Energy & Fuels,Q1,http://dx.doi.org/10.1039/c9se00565j
Doç. Dr. Çiğdem Toparlı,TÜBİTAK 2232 - B Uluslararası Genç Araştırmacılar Programı,Design of bifunctional electrocatalysts for the grid energy storage,2020-2023,Optimizing cation synergy in high entropy oxides for superior bifunctional oxygen electrocatalysis,2025,"U. Geyikci, T. Erdil, C. Ozgur, C. Toparli",Electrochimica Acta,Q1,https://doi.org/10.1016/j.electacta.2025.146709
,BAP-AGEP,Designing B-site doped double perovskite for the metal-air batteries,2022-2023,Mitigating Hydrogen Ingress with Thin Cloaking Liquid Barrier Films,2025,"S. Khan, C. Toparli, B. Yildiz, K.K. Varanasi",ACS Applied Engineering Materials,Q1,https://doi.org/10.1021/acsaenm.4c00795
,BAP-ADEP,Yüksek entropili perovskit oksitlerin geliştirilmesi ve şarj edilebilir Çinkohava pilinde hava katotu olarak uygulanması,2023-2026,Tuning the lattice strain through manipulating crystal structure of high entropy oxides enhances electrocatalytic performance,2025,"A.B. Coskuner, T. Erdil, C. Ozgur, U. Geyikci, C. Toparli",Materials Research Bulletin,Q1,https://doi.org/10.1016/j.materresbull.2025.113333
,TÜBİTAK-1001,Pt Grubu Dışı Yüksek Entropili Perovskit Oksit Bazlı Oksijen Çevrim Reaksiyonu Katalizörlerinin Geliştirilmesi ve Şarj Edilebilir Çinko-Hava Pilinde Katot Olarak Uygulanması,2023-2025,Earth-Abundant Divalent Cation High-Entropy Spinel Ferrites as Bifunctional Electrocatalysts for Oxygen Evolution and Reduction Reactions,2024,"T. Erdil, C. Ozgur, U. Geyikci, E. Lokcu, C. Toparli",ACS Applied Energy Materials,Q1,https://doi.org/10.1021/acsaem.4c01227
,BAP-HDESP,Zinc Composite by Powder Metallurgy for Highly Reversible Zn based Battery Anodes,2025-2026,B‐site Doping Boosts the OER and ORR Performance of Double Perovskite Oxide as Air Cathode for Zinc‐Air Batteries,2024,"T. Erdil, C. Ozgur, U. Geyikci, E. Lokcu, C. Toparli",ChemPhysChem,Q1,https://doi.org/10.1002/cphc.202400531
,,,,Engineering Oxygen Vacancies in (FeCrCoMnZn)3O4-δ High Entropy Spinel Oxides Through Altering Fabrication Atmosphere for High-Performance Rechargeable Zinc-Air Batteries,2024,"C. Ozgur, T. Erdil, U. Geyikci, C. Okuyucu, E. Lokcu, Y.Eren Kalay, C. Toparli",Global Challenges,Q1,https://doi.org/10.1002/gch2.202300199
,,,,Synthesis of N‐Doped Graphene Photo‐Catalyst for Photo‐Assisted Charging of Li‐Ion Oxygen Battery,2024,"N. Kaçar, E. Lökçü, M. Çayirli, R. Can Özden, S. Coskun, C. Toparli, İ. Çelikyürek, M. Anik",Global Challenges,Q1,https://doi.org/10.1002/gch2.202300166
,,,,B-Site Effect on High-Entropy Perovskite Oxide as a Bifunctional Electrocatalyst for Rechargeable Zinc–Air Batteries,2023,"T. Erdil, C. Toparli",ACS Applied Energy Materials,Q1,https://doi.org/10.1021/acsaem.3c02149
,,,,Facile Synthesis and Origin of Enhanced Electrochemical Oxygen Evolution Reaction Performance of 2H-Hexagonal Ba2CoMnO6−δ as a New Member in Double Perovskite Oxides,2022,"T.Erdil, E.Lokcu, I.Yildiz, C. Okuyucu, Y.E. Kalay, C.Toparli",ACS omega,Q1,https://doi.org/10.1021/acsomega.2c05627
,,,,Effect of synthesis    environment on the electrochemical properties of (FeMnCrCoZn)3O4 high‐entropy oxides for Li‐ion batteries,2022,"D.O. Bayraktar, E. Lokcu, C. Ozgur, T. Erdil, C. Toparli",International Journal of Energy Research,Q1,https://doi.org/10.1002/er.8749
,,,,Electronegative metal dopants improve switching consistency in Al2O3 resistive switching devices,2022,"Z. Jie, V. Somjit, C. Toparli, B. Yildiz, N.X. Fang",Physical Review Materials,Q1,https://doi.org/10.1002/er.8749
,,,,Microwave-assisted in situ laser dye incorporation into high sensitivity whispering gallery mode microresonators,2021,".S. Mondragón-Ochoa, J. González-Rivera, C. Toparli, R.Khanum, R.S. Moirangthem, C. Duce, C. Ferrari, G. Barillaro, A. Erbe",Journal of Physics D: Applied Physics,Q1,10.1088/1361-6463/ac2e34
,,,,Acidity of surface-infiltrated binary oxides as a sensitive descriptor of oxygen exchange kinetics in mixed conducting oxides,2020,"C. Nicollet, C. Toparli, G.F. Harrington, T. Defferriere, B. Yildiz, H.L. Tuller",Nature Catalysis,Q1,https://doi.org/10.1038/s41929-020-00520-x
,,,,Electrochemical performance of (MgCoNiZn) 1-xLixO high entropy oxides in lithium ion batteries,2020,"E. Lokcu, C. Toparli, M. Anik",ACS applied materials & interfaces,Q1,https://doi.org/10.1021/acsami.0c03562
,,,,Multi-Foulant-Resistant Material Design by Matching Coating-Fluid Optical Properties,2020,"C. Toparli, M. Carlson, M.A. Dinh, B. Yildiz, M.P. Short",Langmuir,Q1,"https://doi.org/10.1021/acs.langmuir.9b03903"
,,,,What is the trigger for hydrogen evolution reaction? – towards electrocatalysis beyond the Sabatier principle,2020,"A. R. Zeradjanin, G. Polymeros, C. Toparli, M. Ledendecker, N. Hodnik, A. Erbe, M. Rohwerder, F. La Mantia","Physical Chemistry Chemical Physics",Q1,10.1039/D0CP01108H
Doç. Dr. Batur Ercan ,"BAP, GAP",Ortopedi uygulamaları için nanoyapılı 316L paslanmaz çelik üretimi,2020-2021,Synthesis of calcium carbonate microspheres via inert gas bubbling for orthopedic applications,2020," Ç. M Oral, A. Çalışkan, Y. Göçtü, D. Kapusuz ve B. Ercan",Ceramics International,Q1,10.1016/j.ceramint.2019.10.066
,"BAP, GAP",Anodizasyon yöntemi ile ZnO nanotel üretimi ve ortopedi uygulamalarında kullanımı,2021-2022,Comprehensive evaluation of the biological properties of surface-modified titanium alloy implants,2020," P. Piszczek, A. Radtke, M. Ehlert, T. Jędrzejewski, A. Sznarkowska, B. Sadowska, M. Bartmański, Y. K. Erdoğan, B. Ercan ve W. Jedrzejczyk",Journal of Clinical Medicine (JCM),Q1,10.3390/jcm9020342
,TÜBİTAK ARDEB 1001,Manyetik özellikli janus mikroparçacıkların kontrollü sentezi için yenilikçi mikroakışkan sistemler,2020-2024,Mineral-doped poly(L-lactide) acid scaffolds enriched with exosomes improve osteogenic commitment of human adipose-derived mesenchymal stem cells,2020," M.G. Gandolfi, C. Gardin, F. Zamparini, L. Ferroni, M.D. Esposti, G. Parchi, B. Ercan, L. Manzoli, F. Fava, P. Fabbri, C. Prati  ve B. Zavan",Nanomaterials,Q1,10.3390/nano10030432
,HİTİT BAP,Radyo-embolizasyon tedavisi için YAS (Y2O3-Al2O3-SiO2) temelli antibakteriyel mikroküre tozların üretimi ve karakterizasyonu,2020-2024,Fabrication and cellular interactions of nanoporous tantalum oxide,2020,"E. Uslu, H. Öztatlı, B. Garipcan  ve B. Ercan",Journal of Biomedical Materials Research Part B: Applied Biomaterials,Q2,10.1002/jbm.b.34604
,İÜ Cerrahpaşa BAP,Mikrodalga destekli dentez döntemi ile İyon datkılı ß-TCP tozlarının üretilmesi ve karakterizasyonu,2021-2024,Facile control of hydroxyapatite particle morphology by utilization of calcium carbonate templates at room temperature,2020,"Ç. M Oral, A. Çalışkan, D. Kapusuz  ve B. Ercan",Ceramics International,Q1,10.1016/j.ceramint.2020.05.226
,BAP,Biyomedikal uygulamalar için iyon katkılı amorf kalsiyum karbonat sentezi,2022-2023,Calcium carbonate polymorph dictates in vitro osteoblast proliferation,2020,"Ç. M Oral, B. Ercan ve D. Kapusuz",Journal of the Australian Ceramic Society,Q3,10.1007/s41779-020-00492-Y
,ERA-MIN ,Çevre dostu geri-dönüşüm teknolojileri ile maden atıklarının çevresel ayak ızinin azaltılması,2022 - Devam ediyor,Osteogenic properties of 3d-printed silica-carbon-calcite composite scaffolds: novel approach for personalized bone tissue regeneration,2021,"P. Memarian, F. Sartor, E. Bernardo, H. Elsayed, B. Ercan, L. G. Delogu, B. Zavan  ve M. Isola",,,10.3390/ijms22020475
,TÜBİTAK ARDEB 1001,"Sol-jel yöntemi ile Tix+1SiCx ve Tiy+1AlCy MAX fazı hammaddelerinin sentezlenmesi, biyoinert seramik-MAX kompozitlerinin üretimi ve karakterizasyonu",2022 - Devam ediyor,Development of electrically conductive porous silk fibroin/CNF scaffolds,2021,"Y. Tufan, H. Öztatlı, B. Garipcan ve B. Ercan",Biomedical Materials,Q1,10.1088/1748-605X/abc3db
,"BAP, GAP",Antibakteriyel sütür geliştirilmesi,2023-2024,Nanofeature size and morphology of tantalum oxide surfaces control osteoblast functions,2021,"E. Uslu, D. Mimiroğlu ve B. Ercan",ACS Applied Bio Materials,Q1,10.1021/acsabm.0c01354
,TÜBİTAK ARDEB 1004,Sağlıklı yaşam için yeni nesil biyomalzeme teknolojileri araştırma ağı,2023-Devam ediyor,Nanostructured modifications of titanium surfaces improve vascular regenerative properties of exosomes derived from mesenchymal stem cells: preliminary in vitro results,2021,"C. Gardin, L. Ferroni, Y.K. Erdoğan, F. Zanotti, F. de Francesco, M. Trentini, G. Brunello, B. Ercan ve B. Zavan",Nanomaterials,Q1,10.3390/nano11123452
,TÜBİTAK ARDEB 2535,Eklemeli İmalat yöntemi ile üretilen gözenekli Ti6Al4V implantların çok katmanlı biyoaktif ve antibakteriyel kaplamalar ile kaplanması,2023-Devam ediyor,Nanophase surface arrays on poly (lactic-co-glycolic acid) upregulate neural cell functions,2022,"D. Mimiroğlu, T. Yanık ve B. Ercan",Journal of Biomedical Materials Research Part A,Q1,10.1002/jbm.a.37266
,"BAP, ADEP",Anodize saf demirin stent uygulamaları için üretimi ve biyolojik testleri,2023-Devam ediyor,Microfluidic methods in janus particle synthesis,2022,"M. Saqib, P.A. Tran, B. Ercan ve Y.E. Erdem",International Journal of Nanomedicine,Q1,10.2147/IJN.S371579
,TÜBİTAK ARDEB,Zirkonya kemik greftlerinin biyoesinlenilmiş por gradyanlı 3D baskılanması için uluslararası işbirliği,2023-Devam ediyor,Enhanced bioactivity and low temperature degradation resistance of yttria stabilized zirconia/clay composites for dental applications,2022,"Y. Tufan, J. Park, A. Öztürk ve B. Ercan",Journal of the European Ceramic Society,Q1,10.1016/j.jeurceramsoc.2022.08.039
,GAP,Mikro ve nanoyapılı saf demirin üretimi ve biyolojik testleri,2025-Devam ediyor,Decellularized bone extracellular matrix‐coated electrospun PBAT microfibrous membranes with cell instructive ability and improved bone tissue forming capacity,2022,"Ece K., Y. K. Erdogan, T. S. Arslan, Y. E. Arslan, S. Odabas, B. Ercan, E. Emregul ve B. Derkus",Macromolecular Bioscience,Q1,10.1002/mabi.202200303
,TÜBİTAK ARDEB ,Magnezyum alaşımlarından yapılan biyobozunur implantların bozunma hızının ince film metalik camlarla kontrolü,2025-Devam ediyor,,,,,,
,,,,Impregnation of polyethylene terephthalate (PET) grafts with BMP-2 loaded functional nanoparticles for reconstruction of anterior cruciate ligament,2023,"Z. Karahaliloglu, B. Ercan ve B. Hazer",Journal of Microencapsulation,Q3,10.1080/02652048.2023.2188940
,,,,Fabrication and biological properties of magnetic bioactive glass nanoparticles,2023,C. Tasar ve B. Ercan,Ceramics International,Q1,10.1016/j.ceramint.2022.12.164
,,,,Antibacterial properties and osteoblast interactions of microfluidically synthesized chitosan – SPION composite nanoparticles,2023," M. Kafali, O. B. Şahinoğlu, Y. Tufan, Z. C. Orsel, E. Aygun, B. Alyuz, E. U. Saritas, E. Y. Erdem ve B. Ercan",Journal of Biomedical Materials Research Part A,Q1,doi.org/10.1002/jbm.a.37575
,,,,Fabrication and in vitro characterization of antibacterial magneto-luminescent core-shell bioactive glass nanoparticles,2023,"F. Unal, C. Tasar ve B. Ercan",Ceramics International,Q1,10.1016/j.ceramint.2023.03.135
,,,,"3D printing of extracellular matrix‐based multicomponent, all‐natural, highly elastic, and functional materials towards vascular tissue engineering",2023,"M. Isik, E. Karakaya, T. S. Arslan, D. Atila, Y. K. Erdogan, Y. E. Arslan, H. Eskizengin, C. C. Eylem, E. Nemutlu, B. Ercan, M. D'este, B. Okesola ve B. Derkus",Advanced Healthcare Materials,Q1,10.1002/adhm.202203044
,,,,Multifunctional silk fibroin/carbon nanofiber scaffolds for in vitro cardiomyogenic differentiation of induced pluripotent stem cells and energy harvesting from simulated cardiac motion,2023,"Y. Tufan, H. Öztatlı, D. Doganay, A. Buyuksungur, M.O. Cicek, I.T. Döş, Ç. Berberoğlu, H. E. Unalan, B. Garipcan ve B. Ercan",ACS Applied Materials & Interfaces,Q1,10.1021/acsami.3c08601
,,,,Selenite-incorporated amorphous calcium–magnesium carbonate nanoparticles reduce bacterial growth,2023,"Y. Göçtü, C.M. Oral ve B. Ercan",ACS Applied Nano Materials,Q1,doi.org/10.1021/acsanm.3c02415
,,,,Synthesis of anisotropic magnetic polymeric janus particles by in situ separation of magnetic nanoparticles in a microfluidic device,2023,"M. Saqib, B. Ercan ve E.Y. Erdem",Langmuir,Q1,10.1021/acs.langmuir.3c01862
,,,,Morphology of nanostructured tantalum oxide controls stem cell differentiation and improves corrosion behavior,2023,"Y.K. Erdogan, E. Uslu, M.K. Aydınol, A.S.Y. Saglam, S. Odabas ve B. Ercan",ACS Biomaterials Science & Engineering,Q1,10.1021/acsbiomaterials.3c01277
,,,,Production and characterization of Zn- and Cu-doped Y2O3–Al2O3–SiO2 (YAS) glass microspheres Y2O3–Al2O3–SiO2 (YAS) glass microspheres,2024,"F. Unal, ve B. Ercan",Turkish Journal of Medical Sciences,Q3,10.55730/1300-0144.5888
,,,,An edible supercapacitor based on zwitterionic soy sauce‐based gel electrolyte,2024,"M.B. Durukan, D. Keskin, Y. Tufan, O. Dincer, M.O. Cicek, B. Yildiz, S.Ç. Aygün, B. Ercan ve H. E. Unalan",Advanced Functional Materials,Q1,10.1002/adfm.202307051
,,,,Synergistic effect of nanostructured topography and CNF incorporation into silk fibroin films enhances mouse neuroblastoma cell functions,2024,"D. Mimiroglu, Y. Tufan, T. Yanik ve B. Ercan",Surfaces and Interfaces,Q2,10.1016/j.surfin.2024.103876
,,,,"Microstructure, mechanical properties, and bone cell interactions of ZTA composites reinforced with BN",2024,"G.A. Buyuker, Y. Tufan, G.O. Kayan, B. Ercan, I. Akin ve G. Goller",Ceramics International,Q1,10.1016/j.ceramint.2024.02.171
,,,,Biocompatible Janus microparticle synthesis in a microfluidic device,2024,"M. Saqib, Y. Tufan, Z.C. Orsel, B. Ercan ve E.Y. Erdem",Biomedical Microdevices,Q2,10.1007/s10544-024-00711-4
,,,,Magnetic and luminescence properties of bioactive glass nanoparticles for biomedical applications,2025,"F. Unal, ve B. Ercan",Journal of the Australian Ceramic Society,Q3,10.1007/s41779-024-01141-4
,,,,"Synthesis, characterization, and biological properties of calcium and zinc based ion incorporated amorphous carbonate nanoparticles",2025,"Y. Göçtü, Y. Tufan, ve B. Ercan",Ceramics International,Q1,10.1016/j.ceramint.2024.10.292
,,,,New insights of cerium oxide nanoparticles in head and neck cancer treatment,2025,"E. Tarakci, S. Esmkhani, J. Bayramova, F.M. Bilgin, K. Kidik, S. Adiguzel, Y. Tufan, A.M. Yilmaz, H. Yilmaz, O. Duygulu, S. Harbeck, B. Ercan, F. Kaya, D. A. Aksu, H. Yazici, ve H. Yazici",Scientific Reports,Q1,10.1038/s41598-025-85228-3
,,,,"Nanostructured 316L stainless steel stent surfaces ımprove corrosion resistance, and enhance endothelization and hemocompatibility",2025,"Y.K. Erdogan, P. Mutlu, ve B. Ercan",Advanced Materials Interfaces,Q1,10.1002/admi.202400968
,,,,Surface functionalization of additively manufactured Ti6Al4V scaffolds with CaP/ZnO coatings,2025,"N. Karimi, M. Atapour, A. Taherizadeh, B. Ercan, M. Galati, ve A Saboori",Progress in Additive Manufacturing,Q2,10.1007/s40964-025-01132-2
,,,,,,,,,
Dr. Şeniz Uçar,TÜBİTAK 2232 - B Uluslararası Genç Araştırmacılar Programı,"MINPROTECT: Biyohibritlerde Protein Koruma, Depolama ve Taşınmasında Mineral Taşıyıcının Rolünün Anlaşılması",03/2023-03/2026,"Predicting Silica Deposition from Superheated, Pressurized Steam Using Numerical Modeling of Nucleation, Agglomeration and Deposition",2023," Silje Bordvik, Titus S. van Erp,Seniz Ucar and Erling Næss",Energies,Q1, https://doi.org/10.3390/en16196906
,,,,Exploiting Saturation Regimes and Surface Effects to Tune Composite Design: Single Platelet Nanocomposites of Peptoid Nanosheets and CaCO3,2024,"Seniz Ucar, Anne R. NielsenBiljana MojsoskaKnud DideriksenJens-Petter AndreassenRonald N. ZuckermannKarina K. Sand",ACS Applied Materials & Interfaces,Q1,https://doi.org/10.1021/acsami.4c00434
,,,,Optimizing lithium carbonate recovery through gas-liquid reactive crystallization of lithium hydroxide and carbon dioxide,2025,"Bhaskar Joshi, 
Seniz Ucar, Hanna Katariina Knuutila, Hallvard Fjøsne Svendsen, Jens-Petter Andreassen, Sulalit Bandyopadhyay",Sustainable Materials and Technologies,Q1,https://doi.org/10.1016/j.susmat.2025.e01341
,,,,Flue gas induced lithium carbonate crystallization from industrial black mass,2025,"Bhaskar Joshi, Seniz Ucar, Hanna Katariina Knuutila, Hallvard Fjøsne Svendsen, Jens-Petter Andreassen, Sulalit Bandyopadhyay",Journal of Hazardous Materials,Q1,https://doi.org/10.1016/j.jhazmat.2025.139423
,,,,"3D nanoscopy of calcite microparticles precipitated in the presence of
fetuin-A",2025,"Daniyal Younas, Özgür Gülmez, Seniz Ucar, Ingvild U. Hageberg, Federico Zontone, Vladimir Roddatis,
Anja Schreiber, Dag Werner Breiby, Yuriy Chushkin and Basab Chattopadhyay",APL Materials,Q1,DOI: 10.1063/5.0275170
,,,,,,,,,
,,,,,,,,,
,,,,,,,,,
,,,,,,,,,
,,,,,,,,,
Dr. Irmak Sargın,YÖK-Araştırma Üniversitelerini Destekleme Programı,MikroOptoElektroMekanik sistemler için malzeme keşfi: Optik özelliklerin makine öğrenmesi ile tahmini,2023-2025,Putting error bars on density functional theory,2024,"S.F. Yuk*, Irmak Sargin*, N. Meyer, J. T. Krogel, S.P. Beckman, V. R. Cooper",Scientific Reports,Q1,
,SMART EUREKA-TÜBİTAK TEYDEP 1509,Distopia: DISTorting the aerospace manufacturing boundaries: Operational integration of autonomy on Titanium,2023-2025.5,Mapping of composition-rheology relationships in polymer composite-type precursors,2024,"C. A. Grover, C.B. Bernal, Irmak Sargin, S.P. Beckman, B.A. Gozen",Polymer Composites,Q1,
,HORIZON-EUROPE,EURO-Titan: A decarbonized Titanium recovery from Aluminium and Titanium production residues,2023-2027,Flow mechanisms and their influence on the properties of EGaIn-graphene-poly(ethylene) oxide composites during material extrusion-based additive manufacturing,2024,"R. Tandel, Irmak Sargin, B. A. Gozen",Additive Manufacturing,Q1,
,,,,Multivariate analysis: An essential for studying complex glasses,2022,"Irmak Sargin, J. S. McCloy, S. P. Beckman",Journal of the American Ceramic Society,Q1,
,,,,,,,,,
,,,,,,,,,
,,,,,,,,,
,,,,,,,,,
,,,,,,,,,
,,,,,,,,,
Prof. Dr. Hakan Gür,BAP,Güç-yoğun Dar Toleranslı Kaynak Yöntemlerinin Endüstriyel İmalata Adaptasyonuna Yönelik 4 Eksenli Manipulator Tasarımı ve Bütünlenmesi,2014 - 2025,A Sustainable Strategy for Wire Arc Additive Manufacturing of High-Performance Duplex Stainless Steel: Microstructural Refinement and Mechanical Anisotropy Reduction,2025,"EA Chiniforoush, HH Zargari, MR Jandaghi, J Moverare, R Warsi, CH Gür",Materials Science and Engineering: A,,https://doi.org/10.1016/j.msea.2025.148785
,,,,Investigation of Travel Speed Effects on Microstructure and Corrosion Behavior of Duplex Stainless Steel in Wire-Based DED Additive Manufacturing,2025,"EA Chiniforoush, T Gholizadeh, MR Jandaghi, J Moverare, CH Gür",Journal of Materials Research and Technology,,https://doi.org/10.1016/j.jmrt.2025.06.143
,,,,Impact of active to inert shielding gas transition on the corrosion behavior of wire arc additively manufactured duplex stainless steel,2025,"EA Chiniforoush, T Gholizadeh, MR Jandaghi, J Moverare, CH Gür",Materials & Design,,https://doi.org/10.1016/j.matdes.2025.113907
,,,,Non-Destructive Determination of Surface Residual Stresses in Electron Beam Welded AISI 410 Martensitic Stainless Steel Using the Magnetic Barkhausen Noise Technique,2025,"Hİ Yelbay, CH Gür",Metals,,https://doi.org/10.3390/met15030305
,,,,A sustainable strategy for wire arc additive manufacturing of high-performance duplex stainless Steel: Microstructural refinement and mechanical anisotropy reduction,2025,"Elina Akbarzadeh Chiniforoush, Habib Zargari, Mohammad Jandaghi, Johan Moverare, Reyazul Warsi, CEMİL GÜR",Materials Science and Engineering: A,,10.1016/j.msea.2025.148785
,,,,"Investigating the Effects of CoMoCrSi Powder Composition and Particle Size, and Annealing Heat Treatment on Microstructure and Mechanical and Tribological Performance of HVOF Sprayed Coatings",2024,"Murat Tolga Ertürk, Süha Tirkeş, Cemil Hakan Gür",Metals and Materials International,,https://doi.org/10.1007/s12540-024-01717-6
,,,,Influence of shielding gas on the microstructure and mechanical properties of duplex stainless steel in wire arc additive manufacturing,2024,"E Akbarzadeh, K Yurtışık, C Hakan Gür, T Saeid, R Tavangar",Metals and Materials International,,https://doi.org/10.1007/s12540-023-01623-3
,,,,The effects of SLM process parameters on the relative density and hardness of austenitic stainless steel 316L,2024,"M Bakhtiarian, H Omidvar, A Mashhuriazar, Z Sajuri, CH Gur",Journal of Materials Research and Technology,,https://doi.org/10.1016/j.jmrt.2024.01.237
,,,,Residual Stress,2024,CH Gür,ASM HANDBOOK 4F: Quenchants and Quenching Technology,,https://doi.org/10.31399/asm.hb.v4F.a0007015
,,,,Determination of the anisotropy in mechanical properties of laser powder bed fusion Inconel 718 by ultrasonic testing,2024,"TK Alay, M Cagirici, A Yagmur, CH Gur",Nondestructive Testing and Evaluation,,https://doi.org/10.1080/10589759.2024.2316255
,,,,Tailoring the microstructure and mechanical properties of IN718 alloy via a novel scanning strategy implemented in laser powder bed fusion,2023,"TK Alay, M Cagirici, MY Yalcin, A Yagmur, S Tirkes, E Aydogan, CH Gur",Materials Science and Engineering: A,,https://doi.org/10.1016/j.msea.2023.145543
,,,,"Investigating the effects of repair welding on microstructure, mechanical properties, and corrosion behavior of IN-939 superalloy",2023,"Amirhossein Mashhuriazar, Mohammadhassan Badihehaghdam, C Hakan Gur, Murat Tolga Ertürk, Caner Batıgün, Suha Tirkes, Zainuddin Sajuri, Hamid Omidvar",Journal of Materials Engineering and Performance,,https://doi.org/10.1007/s11665-022-07596-5
,,,,Effects of heat input on metallurgical behavior in HAZ of multi-pass and multi-layer welded IN-939 superalloy,2021,"A Mashhuriazar, CH Gur, Z Sajuri, H Omidvar",journal of materials research and technology,,https://doi.org/10.1016/j.jmrt.2021.08.113
,,,,An Empirical Approach to Analyze Creep Rupture Behavior of P91 Steel,2021,"MJ Aslam, CH Gur",Korean Journal of Materials Research,,https://doi.org/10.3740/MRSK.2021.31.5.255
,,,,Effect of welding parameters on the liquation cracking behavior of high-chromium Ni-based superalloy,2020,"A Mashhuriazar, H Omidvar, CH Gur, Z Sajuri",Journal of Materials Engineering and Performance,,https://doi.org/10.1007/s11665-020-05292-w
,,,,Determination of surface residual stresses in carburised AISI 8620 steel by the magnetic Barkhausen noise method,2020,"T Kaleli, CH Gür",Insight-Non-Destructive Testing and Condition Monitoring,,https://doi.org/10.1784/insi.2020.62.7.416
,,,,Effects of Pre-weld Heat Treatment and Heat Input on Metallurgical and Mechanical Behaviour in HAZ of Multi-pass Welded IN-939 Superalloy,2020,"A Mashhuriazar, H Omidvar, Z Sajuri, CH Gür, AH Baghdadi",Metals,,https://doi.org/10.3390/met10111453
,,,,Effect of Microstructural Modification on Damage Tolerance of 34CrMo4 Shaft Steel,2020,"B Özcan, G Gürer, CH Gür",Fatigue and Fracture of Engineering Materials and Structures,,https://doi.org/10.1111/ffe.13194
Doç. Dr. Bilge İmer,,,,ALD grown undoped ZnO and Al-doped-ZnO thin-film heaters,2025,"D Tugrul, D Doganay, HE Unalan, B Imer",Vacuum,Q1,https://doi.org/10.1016/j.vacuum.2024.113942
,,,,,,,,,
,,,,,,,,,
,,,,,,,,,
,,,,,,,,,
,,,,,,,,,
,,,,,,,,,
,,,,,,,,,
,,,,,,,,,
,,,,,,,,,
Prof. Dr. Caner Durucan,CB Kalkınma Bakanlığı,BİOMATEN Altyapısının Geliştirilmesi,2016 - Present,Functionalization of glass fiber woven fabrics by indium tin oxide (ITO) coatings for electromagnetic wave absorption,2023,"M. Ozdil Daricioglu, C. Durucan, A.F. Dericioglu",Materials Science and Engineering: B,Q1,10.1016/j.mseb.2023.116502
,BAP,Kalsiyum Fosfat Çimento Sistemlerinin Eklemeli İmalat Üretim Süreçlerine Uyarlanmasıyla Biyoseramik İmplant Geliştirilmesi,2021 - 2022,Decellularized adipose tissue matrix-coated and simvastatin-loaded hydroxyapatite microspheres for bone regeneration,2022,"M.G. Kesim, C. Durucan, D. Atila, D. Keskin, A. Tezcaner",Biotechnology and Bioengineering,Q1,10.1002/bit.28154
,BAP,Biyomimetik yaklaşımlarından esinlenmiş üretim süreçleriyle kalsiyum fosfat esaslı mikroküre ve granül sert doku analoglarının geliştirilmesi,2022 - 2022,Complete chemical and structural characterization of selenium-incorporated hydroxyapatite,2022,"B. Alkan, C. Durucan",Journal of Materials Science: Materials in Medicine,Q2,10.1007/s10856-021-06631-6
,,,,Development of a solid‐phase microextraction LC–MS/MS method for determination of oxidative stress biomarkers in biofluids,2020,"Kubra Kahremanoglu, Ezgi Rana Temel, Tamara Ecem Korkut, Atakan Arda Nalbant, Bersu Baştuğ Azer, Caner Durucan, Murvet Volkan, Ezel Boyaci",Journal of Separation Science,Q2,10.1002/jssc.202000211
,,,,,,,,,
,,,,,,,,,
,,,,,,,,,
,,,,,,,,,
,,,,,,,,,
,,,,,,,,,
Prof. Dr. Cevdet Kaynak,,,,Obtaining Cellulose Nanocrystals by Acid Hydrolysis Procedure; and Their Use as Reinforcement in Polylactide Biocomposites,2025,"B. Sari, C. Kaynak",Journal of Thermoplastic Composite Materials,Q2,10.1177/08927057241254101
,,,,Contribution of Cellulose Nanofibrils on the Strengthening and Toughening of Neat and Blended Polylactide Specimens; and the Differences After 3D-Printing,,"B. Sari, C. Kaynak",Journal of Thermoplastic Composite Materials,Q2,10.1177/08927057241241499
,,,,Parameters Influencing Electrospun Nanofiber Diameter of Polylactide Incorporated with Cellulose Nanofibrils and Nanocrystals,,"B. Sari, C. Kaynak",Journal of Thermoplastic Composite Materials,Q2,10.1177/08927057241235650
,,,,Effects of Micro and Nano Fillers on the Mechanical and Thermal Properties of Hydroxyl-Terminated Polybutadiene - Polyurethane Based Rocket Motor Liner,,"E. Erten, T. Atalar, C. Kaynak","Propellants, Explosives, Pyrotechnics",Q2,10.1002/prep.202300119
,,,,Effects of Interlayer Forms on the Resistance Welding Performance of PAEK/CF Thermoplastic Composite Laminates,,"I. B. Marti, C. Kaynak",Journal of Thermoplastic Composite Materials,Q2,10.1177/08927057231167417
,,,,Performance of Polylactide Biopolymer as Matrix Material for Woven Fiber Composite Laminates,2023,"G. Demirok, C. Kaynak",Journal of Thermoplastic Composite Materials,Q2,10.1177/08927057221118011
,,,,Performance of Polylactide against UV Irradiation: Synergism of an Organic UV Absorber with Micron and Nano-sized TiO2,2020,"U. Can, C. Kaynak",Journal of Composite Materials,Q2,10.1177/0021998319899140
,,,,Contribution of Carbon Nanotubes to Vibration Damping Behavior of Epoxy and its Carbon Fiber Composites,2020,"E. Avil, F. Kadioglu, C. Kaynak",Journal of Reinforced Plastics and Composites,Q3,10.1177/0731684420906609
,,,,Effects of Micro-Nano Titania Contents and Maleic Anhydride Compatibilization on the Mechanical Performance of Polylactide,2020,"U. Can, C. Kaynak",Polymer Composites,Q2,10.1002/pc.25391
,,,,,,,,,
Prof. Dr. Arcan Dericioğlu,BAP Araştırma Projesi,Kompozit Yapılarda Katman Düşüş Bölgelerinde NanoParçacık Güçlendirmesi İle Yapısal İyileştirme Sağlanması,02/2021-05/2024,Effect of CNT impregnation on the mechanical and thermal properties of C/C-SiC composites,2020,"Simge Tülbez, Ziya Esen, Arcan F Dericioglu",Advanced Composites and Hybrid Materials,Q1,https://doi.org/10.1007/s42114-020-00155-3
,,,,Microstructural and texture evolution during thermo-hydrogen processing of Ti6Al4V alloys produced by electron beam melting,2020,"Merve Nur Doğu, Ziya Esen, Kemal Davut, Evren Tan, Berkay Gümüş, Arcan F Dericioglu",Materials Characterization,Q1,https://doi.org/10.1016/j.matchar.2020.110549
,,,,"Selective laser melting of Nano-TiN reinforced 17-4 PH stainless steel: Densification, microstructure and mechanical properties",2022,"Andac Ozsoy, Eda Aydogan, Arcan F Dericioglu",Materials Science and Engineering: A,Q1,https://doi.org/10.1016/j.msea.2021.142574
,,,,"Effect of post fabrication aging treatment on the microstructure, crystallographic texture and elevated temperature mechanical properties of IN718 alloy fabricated by selective laser melting",2022,"Seren Ozer, Güney Mert Bilgin, Kemal Davut, Ziya Esen, Arcan F Dericioglu",Journal of Materials Processing Technology,Q1,https://doi.org/10.1016/j.jmatprotec.2022.117622
,,,,Wetting behavior and reaction layer formation in C/SiC composite-titanium alloy joints,2022,"Simge Saltik, Ziya Esen, Arcan F Dericioglu",Advances in Materials and Processing Technologies,Q2,https://doi.org/10.1080/2374068X.2021.1971001
,,,,A Comparative Study of Effects of Additive Particle Size and Content on Wetting Behavior and Brazing Performance of C/SiC Composite,2023,"Simge Saltık, Ziya Esen, Arcan F Dericioglu",Journal of Materials Engineering and Performance,Q2,https://doi.org/10.1007/s11665-022-07522-9
,,,,Functionalization of glass fiber woven fabrics by indium tin oxide (ITO) coatings for electromagnetic wave absorption,2023,"Merve Ozdil Daricioglu, Caner Durucan, Arcan F Dericioglu",Materials Science and Engineering: B,Q1,https://doi.org/10.1016/j.mseb.2023.116502
,,,,Effect of microwave heating on the interdiffusion in BaTiO3–SrTiO3 binary ceramic system,2024,"Basar Suer, Arcan F Dericioglu",Materials Chemistry and Physics,Q1,https://doi.org/10.1016/j.matchemphys.2024.129159
,,,,Fabricating X-Band Frequency Selective Surface on Glass Fabric by Screen Printing Method,2024,"Tugce Altuntop Ersan, Ozgur Birer, Akin Dalkilic, M Erim Inal, Arcan F Dericioglu",IEEE Journal on Flexible Electronics,Q2,doi: 10.1109/JFLEX.2024.3513913
,,,,"Influence of the heat treatment on the microstructure, mechanical and high-temperature oxidation behavior of Hastelloy X alloy fabricated via laser powder bed fusion",2025,"Seren Ozer, Mustafa Alp Yalçın, Güney Mert Bilgin, Kemal Davut, Ziya Esen, Arcan F Dericioglu",Journal of Alloys and Compounds,Q1,https://doi.org/10.1016/j.jallcom.2025.178465
,,,,High Temperature Tensile Properties of TiN-Reinforced 17-4 PH Stainless Steel Produced by Laser Powder-Bed Fusion,2025,"Andac Ozsoy, Eda Aydogan, Arcan F Dericioglu",Metallurgical and Materials Transactions A,Q1,https://doi.org/10.1007/s11661-025-07721-8
Prof. Dr. Bilgehan Ögel,,,,,,,,,
,,,,,,,,,
,,,,,,,,,
,,,,,,,,,
,,,,,,,,,
,,,,,,,,,
,,,,,,,,,
,,,,,,,,,
,,,,,,,,,
Prof. Dr. Y. Eren Kalay,,,,Temperature-dependent evolution of Al-Ge microstructures for wafer-level vacuum packaging of MEMS devices,2025,"Bekir Gurel Dimez, Tayfun Akin, Yunus Eren Kalay",Sensors and Actuators A: Physical,Q1,https://doi.org/10.1016/j.sna.2025.116281
,,,,Development of novel high entropy alloy feedstocks for powder bed fusion using equimolar CoFeNiCuMn composition,2024,"Sertac Altinok, Yunus Eren Kalay",Powder Metallurgy,Q2,https://doi.org/10.1177/00325899241273503
,,,,Microstructure and Mechanical Properties of CoFeNiCuMn High-Entropy Alloys Produced by Laser Powder Bed Fusion,2024,"Sertac Altinok, Martin Buscher, Marco Beckers, Yunus Eren Kalay","Metallography, Microstructure, and Analysis",Q2,https://doi.org/10.1007/s13632-024-01110-0
,,,,Engineering Oxygen Vacancies in (FeCrCoMnZn)3O4-δ High Entropy Spinel Oxides Through Altering Fabrication Atmosphere for High-Performance Rechargeable Zinc-Air Batteries,2024,"Cagla Ozgur, Tuncay Erdil, Uygar Geyikci, Can Okuyucu, Ersu Lokcu, Yunus Eren Kalay, Cigdem Toparli",Global Challenges,Q1,https://doi.org/10.1002/gch2.202300199
,,,,Nanomechanical properties of Al-Tb marginal metallic glass,2023,"Can Okuyucu, Tolga Han Ulucan, Mohammad Abboud, Amir Motallebzadeh, Sezer Özerinç, İlkay Kalay, Yunus Eren Kalay",Materials Science and Engineering: A,Q1,https://doi.org/10.1016/j.msea.2023.145809
,,,,3D printing of hexagonal boron nitride nanosheets/polylactic acid nanocomposites for thermal management of electronic devices,2023,"Mustafa Caner Gorur, Doga Doganay, Mete Batuhan Durukan, Melih Ogeday Cicek, Yunus Eren Kalay, Cem Kincal, Nuri Solak, Husnu Emrah Unalan",Composites Part B: Engineering,Q1,https://doi.org/10.1016/j.compositesb.2023.110955
,,,,A Molecular Dynamics Study on the Local Structure of Al90Sm10 Marginal Metallic Glass and Liquid,2023,"Doguhan Sariturk, Yunus Eren Kalay",Metallurgical and Materials Transactions A,Q1,https://doi.org/10.1007/s11661-023-07015-x
,,,,Facile Synthesis and Origin of Enhanced Electrochemical Oxygen Evolution Reaction Performance of 2H-Hexagonal Ba2CoMnO6−δ as a New Member in Double Perovskite Oxides,2022,"Tuncay Erdil, Ersu Lokcu, Ilker Yildiz, Can Okuyucu, Yunus Eren Kalay, Cigdem Toparli",American Chemical Society,Q1,https://doi.org/10.1021/acsomega.2c05627
,,,,Design of oxygen-doped TiZrHfNbTa refractory high entropy alloys with enhanced strength and ductility,2022,"LK Iroc, OU Tukac, BB Tanrisevdi, Osman El-Atwani, MA Tunes, Yunus Eren Kalay, E Aydogan",Materials & Design,Q1,https://doi.org/10.1016/j.matdes.2022.111239
,,,,Grain size stabilization of oxide dispersion strengthened CoCrFeNi-Y2O3 high entropy alloys synthesized by mechanical alloying,2021,"Mustafa Tekin, Gökhan Polat, Y Eren Kalay, Hasan Kotan",Journal of Alloys and Compounds,Q1,https://doi.org/10.1016/j.jallcom.2021.161363
,,,,Al-Sm Alloys Under Far-From-Equilibrium Conditions,2021,"Can Okuyucu, Burçin Kaygusuz, Cemil Işıksaçan, Onur Meydanoğlu, Amir Motallebzadeh, Sezer Özerinç, Yunus Eren Kalay",Light Metals 2021: 50th Anniversary Edition,,https://doi.org/10.1007/978-3-030-65396-5_13
,,,,The Anomalous Nucleation in Al-Tb Metallic Glasses,2021,"TH Ulucan, I Kalay, YE Kalay",Metallurgical and Materials Transactions A,Q1,https://doi.org/10.1007/s11661-020-06111-6
,,,,Highly stable silver–platinum core–shell nanowires for H 2 O 2 detection,2021,"Serkan Koylan, Sensu Tunca, Gokhan Polat, Mete Batuhan Durukan, Dongkwan Kim, Yunus Eren Kalay, Seung Hwan Ko, Husnu Emrah Unalan",Nanoscale,Q1,https://doi.org/10.1039/D1NR01976G
,,,,Wafer-level low-temperature solid-liquid inter-diffusion bonding with thin Au-Sn layers for MEMS encapsulation,2020,"Oğuzhan Temel, Yunus Eren Kalay, Tayfun Akin",Journal of microelectromechanical systems,Q2,10.1109/JMEMS.2020.3040039
,,,,Design of novel non-equiatomic Cu-Ni-Al-Ti composite medium-entropy alloys,2020,"Gökhan Polat, Ziya Anıl Erdal, Yunus Eren Kalay",Journal of Materials Engineering and Performance,Q2,https://doi.org/10.1007/s11665-020-04830-w
,,,,Effect of Sm on crystallization kinetics of Cu-Zr-Al metallic glasses,2020,"F Sıkan, G Polat, I Kalay, Yunus Eren Kalay",Thermochimica Acta,Q2,https://doi.org/10.1016/j.tca.2019.178439
Prof. Dr. M. Vedat Akdeniz,-,-,-,"Microstructure, phase relationships and microhardness of Fe60Al40-nHfnalloys (n= 1, 3, and 5 at.%)",2021,"Mehmet Yildirim, Neşe Çetinbakış, Ayşe Culu, M. Vedat Akdeniz, Amdulla O. Mekhrabovd",International Journal of Materials Research,Q3,https://doi.org/10.1515/ijmr-2020-7975
,,,,The Site Preferences of Transition Elements and Their Synergistic Effects on the Bonding Strengthening and Structural Stability of γ′-Ni3Al Precipitates in Ni-Based Superalloys: A First-Principles Investigation,2021,"Rasim Eriş, M. Vedat Akdeniz & Amdulla O. Mekhrabov",Metallurgical and Materials Transactions A,Q1,https://doi.org/10.1007/s11661-021-06222-8
,,,,Radiation effect studies on partially crystalline bulk amorphous Fe-based metallic glass,2022,"Pelin Uslu Kiçeci, M. Vedat Akdeniz, M. Bilge Demirköz & Amdulla Mekhrabov",Radiation Effects and Defects in Solids,Q3,https://doi.org/10.1080/10420150.2022.2027422
,,,,On the Optimization of the Microstructural and Mechanical Properties of Model Ni-Based Superalloys Through the Alloying Effects of Refractory Mo and W Elements,2022,"Rasim Eriş, M. Vedat Akdeniz & Amdulla O. Mekhrabov",Metallurgical and Materials Transactions A,Q1,https://doi.org/10.1007/s11661-022-06642-0
,,,,"Effect of Y Addition on the Structural Properties and Oxidation Behavior of Fe60Al40-nYn Alloys (n= 1, 3, and 5 at.%)",2022,"Mehmet Yildirim, Mehmet Sahin Atas, M. Vedat Akdeniz & Amdulla O. Mekhrabov",Materials at High Temperatures,Q2,https://doi.org/10.1080/09603409.2022.2056298
,,,,"Unveiling the effect of Hf-(Mo,W) addition on the coarsening, agglomeration, and dissolution behaviour of γ'-Ni3Al precipitates in model Ni-based superalloys",2023,"Rasim Eriş, M. Vedat Akdeniz, Amdulla O. Mekhrabov",Journal of Alloys and Compounds,Q1,https://doi.org/10.1016/j.jallcom.2022.167869
,,,,THE EFFECTS OF PARTICLE SIZE AND TEMPERATURE ON THE STABILITY AND LOCAL STRUCTURAL EVOLUTIONS OF AMORPHOUS BULK AND NANOPARTICLES OF THE FeNI3 ALLOYS,2023,"Amdulla MEKHRABOV , Ece A. IRMAK , M. Vedat AKDENİZ",MACHINE SCIENCE,-,https://doi.org/10.61413/cead8914
,,,,Modelling and simulations of local structural evolution and stability of bulk and nanoparticles of FeNi3 crystalline alloys,2025,"A.O. Mekhrabov, E.A. Irmak, M.V. Akdeniz, R.M. Rzaev",UNEC Journal of Engineering and Applied Sciences,Q3,https://doi.org/10.61640/ujeas.2025.0505
Prof. Dr. Kadri Aydınol,BAP GAP,Nikel Fosfit Katkılı Aktif Karbon Kompozit Malzeme Geliştirilmesi ve Süperkapasitörlerde Kullanımı,17.01.2022 - 02.08.2023,"Morphology effect on electrochemical properties of doped (W and Mo) 622NMC, 111NMC, and 226NMC cathode materials",2020,"Berke Pişkin, Cansu Savaş Uygur, M. Kadri Aydınol",International Journal of Hydrogen Energy,Q1,https://doi.org/10.1016/j.ijhydene.2019.07.249
,BAP GAP,Lityum İyon Piller için Yüksek Voltajlı Katot Malzemesi Olarak Kararlı LNMO Geliştirilmesi ve Karakterizasyonu,18.08.2023 - 19.02.2025,Effects of surface pretreatments and coating period on hydroxyapatite coating of Ti6Al4V alloy,2020,"T. Hacioglu, Z. Evis, A. Tezcaner & M. K. Aydınol",Journal of the Australian Ceramic Society,Q3,https://doi.org/10.1007/s41779-019-00364-0
,,,,"Experimental investigation on the electrocatalytic behavior of Ag-based oxides, Ag2XO4 (X= Cr, Mo, W), for the oxygen reduction reaction in alkaline media",2020,"Burcu Arslan Hamat, Mehmet Kadri Aydınol",Journal of Solid State Chemistry,Q2,https://doi.org/10.1016/j.jssc.2020.121571
,,,,"Effect of calcium or yttrium doping on cation ordering and electrochemical performance of Li(Ni0.80−xCo0.15Al0.05Mx)O2 (M = Ca, Y) as a Li-ion battery cathode",2021,"Cansu Savaş Uygur, Mehmet Kadri Aydınol",Materials Science and Engineering: B,Q2,https://doi.org/10.1016/j.mseb.2020.114925
,,,,Synthesis of Graphene-MoS2 composite based anode from oxides and their electrochemical behavior,2021,"Saira Sarwar, Shumaila Karamat, Arshad Saleem Bhatti, Mehmet Kadri Aydinol, Ahmet Oral, Muhammad Umair Hassan",Chemical Physics Letters,Q2,https://doi.org/10.1016/j.cplett.2021.138969
,,,,Development of activated carbon/bimetallic transition metal phosphide composite materials for electrochemical capacitors and oxygen evolution reaction catalysis,2022,"Kadir Özgün Köse, Mehmet Kadri Aydınol",International Journal of Energy Research,Q1,https://doi.org/10.1002/er.8710
,,,,Chapter 17 - Novel and innovative ionic liquids based electrolytes and their applications in batteries,2023,"Muhammad Imran Ahmad, Huma Warsi Khan, Mansoor Ul Hassan Shah, Muhammad Noman, Mehmet Kadri Aydinol, Muhammad Moniruzzaman",Ionic Liquids and Their Application in Green Chemistry,-,https://doi.org/10.1016/B978-0-323-95931-5.00005-1
,,,,Cr-added nickel sulfides as electrocatalysts for oxygen evolution reaction,2023,"Cansu Savaş Uygur, Mehmet Kadri Aydinol",Materials Science and Engineering: B,Q2,https://doi.org/10.1016/j.mseb.2023.116295
,,,,Flowers Like α-MoO3/CNTs/PANI Nanocomposites as Anode Materials for High-Performance Lithium Storage,2023,"Laraib Kiran, Mehmet Kadri Aydınol, Awais Ahmad, Syed Sakhawat Shah, Doruk Bahtiyar , Muhammad Imran Shahzad , Sayed M. Eldin and Aboud Ahmed Awadh Bahajjaj",Molecules,Q1,https://doi.org/10.3390/molecules28083319
,,,,Mesoporous Cr2O3/MWCNTs/PANI nanocomposite as a high performance anode material for rechargeable lithium ion batteries,2023,"Laraib Kiran , Mehmet Kadri Aydınol, Syed Sakhawat Shah , Aneela Anwar, Syed Mustansar Abbas, Doruk Bahtiyar, Muhammad Siddiq, Abdul Rehman, Mohamed Ouladsmane, Muhammad Imran Shahzad",Fuel,Q1,https://doi.org/10.1016/j.fuel.2023.128961
,,,,Ionic liquids-assisted electrolytes in aqueous zinc ion batteries,2023,"Muhammad Imran Ahmad, Doruk Bahtiyar , Huma Warsi Khan , Mansoor Ul Hassan Shah , Laraib Kiran, Mehmet Kadri Aydinol, Mohammad Yusuf, Hesam Kamyab, Shahabaldin Rezania",Journal of Energy Storage,Q1,https://doi.org/10.1016/j.est.2023.108765
,,,,Morphology of Nanostructured Tantalum Oxide Controls Stem Cell Differentiation and Improves Corrosion Behavior,2023,"Yasar Kemal Erdogan, Ece Uslu, Mehmet Kadri Aydınol, Atiye Seda Yar Saglam, Sedat Odabas, Batur Ercan",ACS Biomaterials Science & Engineering,Q1,https://doi.org/10.1021/acsbiomaterials.3c01277
,,,,Size and morphology controlled polyol synthesis of LiFePO4 nanoparticles with addition of organic acid combinations,2024,"Elif Coşkun, Ekin Kurşun, Bayram Yıldız, Yasemin Aşkar, Doruk Bahtiyar, Mehmet Kadri Aydınol, Bora Mavis, Simge Çınar-Aygün",Ceramics International,Q1,https://doi.org/10.1016/j.ceramint.2024.02.072
,,,,Advanced diagnosis and early warning strategies on degradation and safety of lithium-ion batteries,2024,"Mehmet Kadri Aydinol, Burak Ulgut, Ki-Yong Oh3 and Tayfur Ozturk",Frontiers in Energy Research,Q2,https://doi.org/10.3389/fenrg.2024.1441622
,,,,Synergetic electrochemical behavior of magnesium-doped ZnO nanorods with reduced graphene oxide,2024,"S. Karamat, Fakhra Marawat , Unsia Batool, Muhammad Talha , Faiza Jan Iftikhar, Mehmet Kadri Aydinol, Zeinab Mohamed , Arshid Numan, Hassan Akhtar , Laraib Kiran",Journal of Electroanalytical Chemistry,Q1,https://doi.org/10.1016/j.jelechem.2024.118434
Dr. İrem Nur Gamze Özbilgin,-,-,-,Controlling ZnO nanopagoda structure enhances photoelectrochemical water splitting,2026,"Soshi Mizuno, Rina Watanabe, Marwa Mohamed Abouelela, İrem Nur Gamze Özbilgin, Tohru S Suzuki, Tetsuo Uchikoshi, Wai Kian Tan, Hiroyuki Muto, Atsunori Matsuda, Go Kawamura",Nanoscale,Q1,"https://doi.org/10.1039/d5nr05477j
"
,,,,Synergistic effects of Core@ Shell (CZTS@ CZTSe) on photovoltaic & photocathode applications,2024,"Pooja Semalti, Ngan TK Nguyen, İrem Nur Gamze Özbilgin, Tetsuo Uchikoshi, Shailesh Narain Sharma",Inorganic Chemistry Communications,Q1,https://doi.org/10.1016/j.inoche.2024.112239
,,,,Water-soluble silicon quantum dots toward fluorescence-guided photothermal nanotherapy,2022,"ING Ozbilgin, T Yamazaki, J Watanabe, HT Sun, N Hanagata, N Shirahata",Langmuir,Q1,https://doi.org/10.1021/acs.langmuir.1c02326
,,,,Size-dependent photothermal performance of silicon quantum dots,2021,"Irem Nur Gamze Ozbilgin, Batu Ghosh, Hiroyuki Yamada, Naoto Shirahata",The Journal of Physical Chemistry C,Q1,https://doi.org/10.1021/acs.jpcc.0c10027
,,,,,,,,,
,,,,,,,,,
,,,,,,,,,
,,,,,,,,,
,,,,,,,,,
Prof. Dr. Abdullah Öztürk,TÜBİTAK,Zirkonya Kemik Greftlerinin Biyoesinlenilmiş Por Gradyanlı 3D Baskılanması İçin Uluslararası İşbirliği,2023 - 2026,Production and biological properties of nano porous glass microparticles for anticancer drug carrier,2024,"Emre Burak Ertuş, Elif Gulbahce-Mutlu, Serife Alpa, Abdullah Ozturk",Journal of Applied Pharmaceutical Science,Q2,https://dx.doi.org/10.7324/JAPS.2024.168308
,TÜBİTAK,Nanogözenekli Camın Kontrollü İlaç Salınım Performansının ve İlaç Yüklenmiş Nanogözenekli Camın Meme Kanseri Hücre Kültüründe Sitotoksik Etkisinin Belirlenmesi,2021 - 2022,Effects of fluorination and thermal shock on the photocatalytic activity of Bi2O3 nanopowders,2021,"Asmae Bouziani, Jongee Park, Abdullah Ozturk",Colloids and Surfaces A: Physicochemical and Engineering Aspects,Q1,https://doi.org/10.1016/j.colsurfa.2021.127049
,,,,In vitro evaluation of tooth-colored yttria stabilized zirconia ceramics,2021,"Melis Kaplan Akarsu, Ahmet Ozan Basan, Hilal Turkoglu Sasmazel, Jongee Park, Abdullah Ozturk",Journal of Asian Ceramic Societies,Q2,https://doi.org/10.1080/21870764.2021.1955491
,,,,Synthesis of α-Fe2O3/TiO2 heterogeneous composites by the sol-gel process and their photocatalytic activity,2020,"Asmae Bouziani, Jongee Park, Abdullah Ozturk",Journal of Photochemistry and Photobiology A: Chemistry,Q2,https://doi.org/10.1016/j.jphotochem.2020.112718
,,,,Enhanced bioactivity and low temperature degradation resistance of yttria stabilized zirconia/clay composites for dental applications,2022,"Yiğithan Tufan, Jongee Park, Abdullah Öztürk, Batur Ercan",Journal of the European Ceramic Society,Q1,https://doi.org/10.1016/j.jeurceramsoc.2022.08.039
,,,,Enhanced methylene blue removal effıcıency of TiO2 embedded porous glass,2021,"E. Burak Ertuş, Cekdar Vakifahmetoglu, Abdullah Öztürk",Journal of the European Ceramic Society,Q1,https://doi.org/10.1016/j.jeurceramsoc.2020.09.047
,,,,Production and Properties of Phase Separated Porous Glass,2020,"E. Burak Ertuş, Çekdar Vakıfahmetoğlu, Abdullah Öztürk ",Ceramics International,Q1,https://doi.org/10.1016/j.ceramint.2019.10.232
,,,,Preparation and photocatalytic activity of g-C3N4/TiO2 heterojunctions under solar light illumination,2020,"Pelin Gündoğmuş, Jongee Park, Abdullah Öztürk ",Ceramics International,Q1,https://doi.org/10.1016/j.ceramint.2020.05.241